<beans xmlns="http://www.springframework.org/schema/beans"
	xmlns:xsi="http://www.w3.org/2001/XMLSchema-instance"
	xmlns:context="http://www.springframework.org/schema/context"
	xsi:schemaLocation="http://www.springframework.org/schema/beans
    http://www.springframework.org/schema/beans/spring-beans-3.0.xsd
    http://www.springframework.org/schema/context
    http://www.springframework.org/schema/context/spring-context-3.0.xsd">
    
	<bean id="emp" class="com.ot9.demo.Employee">
		<constructor-arg name="empId" type="int" value="123"></constructor-arg>
		<constructor-arg name="empName" type="String" value="suresh"></constructor-arg>
		<constructor-arg name="empSal" type="int" value="23000"></constructor-arg>
		<constructor-arg name="empDesg" type="String" value="developer"></constructor-arg>
	</bean>
</beans>